POS,yearID,startingPos,W,L,GS,ERA,SO,R,IPouts
P,2006.1270903010034,1.1136363636363635,10.357859531772576,6.137123745819398,18.240802675585286,2.948294314381271,132.40635451505017,55.05518394648829,440.3411371237458
